{
    "bce_masks_split_mask": {
        "metrics": {
            "global": {
                "mean_precision": 1.0,
                "mean_recalls": 0.0516401734624473
            },
            "5": {
                "mean_top_intersections": 0.0784729586426299,
                "mean_retrieval_precision": 0.8265111446380615,
                "map": 0.7867609284788499
            },
            "10": {
                "mean_top_intersections": 0.24673029338989041,
                "mean_retrieval_precision": 0.7849770188331604,
                "map": 0.7275527978364671
            },
            "20": {
                "mean_top_intersections": 0.824673029338989,
                "mean_retrieval_precision": 0.7215270400047302,
                "map": 0.6598119384678872
            },
            "50": {
                "mean_top_intersections": 3.725344644750795,
                "mean_retrieval_precision": 0.6060798764228821,
                "map": 0.625853560427812
            }
        },
        "train_losses": [
            6.460768698521229e-05,
            4.889293196699229e-05,
            4.256974233819632e-05,
            3.6557204558400996e-05,
            3.077138867142258e-05,
            2.6307401194461462e-05,
            2.1886407223713172e-05,
            1.8799562180919056e-05,
            1.6133102107644262e-05,
            1.4451615879764765e-05
        ],
        "val_losses": [
            7.894725823068263e-05,
            7.267192905568001e-05,
            6.418372263336094e-05,
            5.9500338724962185e-05,
            5.4956199508221325e-05,
            4.563981004749734e-05,
            4.193181560772552e-05,
            4.101699156139608e-05,
            3.915974305843039e-05,
            4.194671295057022e-05
        ]
    },
    "bce_masks_split": {
        "metrics": {
            "global": {
                "mean_precision": 1.0,
                "mean_recalls": 0.0519071512756662
            },
            "5": {
                "mean_top_intersections": 0.06610109579356663,
                "mean_retrieval_precision": 0.8656063079833984,
                "map": 0.8353210792977493
            },
            "10": {
                "mean_top_intersections": 0.21173559561682573,
                "mean_retrieval_precision": 0.829374372959137,
                "map": 0.7862165384593804
            },
            "20": {
                "mean_top_intersections": 0.7430187345351714,
                "mean_retrieval_precision": 0.776475727558136,
                "map": 0.7312922871452857
            },
            "50": {
                "mean_top_intersections": 3.4545775892541535,
                "mean_retrieval_precision": 0.6503075361251831,
                "map": 0.7088023271183911
            }
        },
        "train_losses": [
            9.570575016798008e-05,
            6.660897920480797e-05,
            5.011069526330056e-05,
            3.6340742470359704e-05,
            2.6104455801427725e-05,
            2.0120203822064966e-05,
            1.6083579347099623e-05,
            1.3537994822726996e-05,
            1.1288217152641696e-05,
            1.0261972386797042e-05
        ],
        "val_losses": [
            8.039690789955776e-05,
            7.121011805520985e-05,
            6.0729478547237164e-05,
            5.775254164176512e-05,
            4.524877304230047e-05,
            3.814923419834627e-05,
            3.5311313707911395e-05,
            3.480929543453177e-05,
            3.346447324548927e-05,
            4.277055171239602e-05
        ]
    },
    "mse_masks_split_mask": {
        "metrics": {
            "global": {
                "mean_precision": 0.0666761253780046,
                "mean_recalls": 0.2136427329526236
            },
            "5": {
                "mean_top_intersections": 0.4984093319194062,
                "mean_retrieval_precision": 0.17674091458320618,
                "map": 0.13243784611759163
            },
            "10": {
                "mean_top_intersections": 0.8271474019088016,
                "mean_retrieval_precision": 0.16892895102500916,
                "map": 0.07338700084723414
            },
            "20": {
                "mean_top_intersections": 1.6924708377518558,
                "mean_retrieval_precision": 0.13897137343883514,
                "map": 0.04359217959004369
            },
            "50": {
                "mean_top_intersections": 3.3598444680098973,
                "mean_retrieval_precision": 0.11616118252277374,
                "map": 0.025077229736480754
            }
        },
        "train_losses": [
            1.0480150792770284e-05,
            1.0751523772615448e-05,
            1.0739752802223599e-05,
            1.0264598252366551e-05,
            1.03945607500462e-05,
            1.0290581584890943e-05,
            1.0762209472417564e-05,
            1.0985956466029163e-05,
            1.0880783777337739e-05,
            1.0763748972120274e-05
        ],
        "val_losses": [
            1.7025101459121578e-05,
            1.7531831447807466e-05,
            1.7404607973772737e-05,
            1.6760326497196333e-05,
            1.7090706402388194e-05,
            1.7324128745513174e-05,
            1.745470725285091e-05,
            1.73083671352819e-05,
            1.7322643972282988e-05,
            1.794629419453485e-05
        ]
    },
    "mse_masks_split": {
        "metrics": {
            "global": {
                "mean_precision": 1.0,
                "mean_recalls": 0.051395891731126776
            },
            "5": {
                "mean_top_intersections": 0.05266878755744079,
                "mean_retrieval_precision": 0.8485684394836426,
                "map": 0.8133510074231176
            },
            "10": {
                "mean_top_intersections": 0.20254506892895016,
                "mean_retrieval_precision": 0.8162248730659485,
                "map": 0.7658036240300292
            },
            "20": {
                "mean_top_intersections": 0.7850830682219866,
                "mean_retrieval_precision": 0.7603747248649597,
                "map": 0.707508041101382
            },
            "50": {
                "mean_top_intersections": 3.813008130081301,
                "mean_retrieval_precision": 0.6306468844413757,
                "map": 0.6752036370214264
            }
        },
        "train_losses": [
            1.7760795407606638e-05,
            1.1235705047043609e-05,
            8.80560345128117e-06,
            6.795989428763577e-06,
            5.304901523726639e-06,
            4.346206635168669e-06,
            3.5976492284017705e-06,
            3.0647236040243794e-06,
            2.6592185785671785e-06,
            2.4169774965822636e-06
        ],
        "val_losses": [
            1.363023812408847e-05,
            1.1416953624561596e-05,
            1.010138928309354e-05,
            9.110929009697266e-06,
            7.754674030076396e-06,
            7.167716157713106e-06,
            6.566369492174354e-06,
            6.135687059300599e-06,
            6.082338017483287e-06,
            5.909122230939016e-06
        ]
    },
    "bce_users_split_mask": {
        "metrics": {
            "global": {
                "mean_precision": 1.0,
                "mean_recalls": 0.03236766648652855
            },
            "5": {
                "mean_top_intersections": 0.11345029239766082,
                "mean_retrieval_precision": 0.49855753779411316,
                "map": 0.4304578730777561
            },
            "10": {
                "mean_top_intersections": 0.3364522417153996,
                "mean_retrieval_precision": 0.4409746527671814,
                "map": 0.35624432547909063
            },
            "20": {
                "mean_top_intersections": 1.0077972709551657,
                "mean_retrieval_precision": 0.3775048553943634,
                "map": 0.2955536893897116
            },